"idName","Openness1","Openness2","Openness3","Openness4","Openness5","Openness6","Openness7","Openness8","Agreab1","Agreab2","Agreab3","Agreab4","Agreab5","Agreab6","Agreab7","Agreab8"
"mgnyeodj","1","1","1","1","1 ","3","1","1","2","3","3","2","2"," 1","1","3"
"ubenolai","5","4","5","5","5","5","5","5","5","4","5","5","4","5","5","3"
"shcwjvku","2","1","5","5","1","3","3","1","2","5","","2","3","4","2","3"
"olwtvbnk","5"," 5","5"," 5","5","5","3","5","5","5","5"," 5","4","4","5","5"
"xmuhvlra","2","2","1","5","5","1","1 ","1","3","5 ","5","3","4","4","4","3"
"kmzxubai","1","1","1","2","1","3","1","1","3","1","1","2","2","4","1","1"
"bzeyrgoc","2","1","5","5","5 ","3","3","5","5","3","5","2","2","4","4","5"
"wqoasgni","2","4","5 ","1","5","5","3","5","5","5","5","2","4","5","4","3"
"erhsmnlk","2","1","5","5","4 ","3","4","3","3","4","1","5","3","4","4","4"
"wkzjhcsg","1","5","2","1","3","3","3","2","3","4","5","2"," 4","4","3","3 "
"csigtray","2","1","5","1","1","3","3","2","1","3","3","2","1","4","1","2"
"faikxhdb","1","1","2 ","1","2","1","1"," 3","3","5","1","2","3","4","3","2"
"zykbqhic","2","4","5","1","3","3","2","5","3","5","2","2","2","2","4","2"
"zorfjvem","1","1","5","1","1","3","2"," 2","2","4","1","1","2","1","2","4"
"yhpmbwgi","2","5","3","3","1","1","5","5","5","4","5","2","4","4","4","4"
"xdtvgmyz","2","1","3","5","5","5","3","2","5","5","5"," 2","4","4","5","2"
"doxpsima","1","4","3","5","4","2","5","1","3","2","5","3","2 ","4","4","3"
"qdjlwbyc","5","1","5","2 ","3","5 ","3","2","5","3","5","2","2","4","5","3"
"ziquvdtj","1","3","1","5 "," 4"," 3"," 3","4","1","4","3","2"," 4","5","4","3"
"pgirtxcm","2","5","3","3","1","3","1","1","3","2","1","2","2","4","4","3"
"ckgaytnb","1","1 ","1 ","3","3","3","2","2","3","4","1","2"," 4","4","3","3"
"ngqiswob","1","2","5","3","4","3"," 5","1","3 ","3","1","1","4","4","3","3"
"lhuqybko","3","1","1","1","1","3","2","2","4","2","1","2","4","4","3","1"
"twjveapb","2","3","5","3","5","3","5","2","2","4","3 ","2","4","4","4","5"
"jwpaixeb","5","4","5","2","1","4","3","1","3","3","1","2","3","4","3","3"
"saijzcnm","1","1","3","1","1","4","1 ","1","3","3","1","2","2","4","2 ","3"
"dwrqgsnb","5","5","5 ","3","4","5","5","5","5","5","5","5","4","5","5","5"
"zrhfxnvt","4","3","5","5","5"," 5","5","5","5","5","5","2","5","4","3","-"
"bzsctlxo","4","3 ","5"," 1","5","3","3 ","3","2","4","3","2","4","4","3","3"
"calomjpw","2","2","1","1","1","1 ","1"," 2","3","3","1","2","2","4","1","1"
"ajehfurq","2","1","1","1","1","1","1","1 ","2","1","1","3","3","4","3","2"
"aklxyozb","1","1"," 3","1","1","1","3","2","2","4","1","2","1","1","3","3 "
"amvpnlro","5","3","5","3","5","5","5","5","5 ","5","5","2","5","4","5","5"
"cemytdng","2","3","5","5","1"," 4","3","3","3","4","5","2","3","4","4","3"
"bzmwxvne","2","1","5","2","3","3","5","2","3","4","4","2","4","4","4","3"
"npakutcj","1","1","1","1","1","1","1","2","1","2","2","2","2","1","1","3"
"gsmpnboj","2","2","5","1","1","3","3","2","3","4","1","2 ","2","4","3","2"
"hgxtnqde","2","2","2","1","4","4","3","3","4","4","5","2","2","4","2","3"
"chdbxqga","2","1"," 5","2","5 "," 4","3 ","3","3","4","5","2"," 4","4","4","2"
"oqjsxrcb","2","1","1","1","1","1 ","1","3","3","4","1","2","2","4","2","2"
"xomeiyaw","1","1","5","2","4","3","3","1","2","4","5","2","3","2","1","3"
"yaqkouip","2"," 1 ","5","1","4","1","3","1","1","4","5","2","4","4","3","2"
"boqjcmih"," 2","4","5","5","1","5","2","5","5","5","5","3","4","4","-"," 4"
"gotiwbxp","5 ","5","5","2","5","3","3","4","5"," 5","3","2"," 4","4","5","3"
"ipqczgtm","5","1","3 ","","3","3","1","2","2"," 4","5","2","2"," 4","4","2"
"srelfkha","1","1","1","1","1"," 1","1","1","3","4","5","2","1","1"," 1","1"
"anojstbw","1"," 1","5","1","1","1","3","1","1","4","1","2","2","4","1","2"
"lpgfxina","1","4","2","3","1","3"," 3","2","5","4","1","3","3","4","3","2"
"obguplxw","5","1","5","4","1","5","5"," 5","5","4","5"," 2","4 ","4"," 4","4 "
"nmwpdxko","1","2","1","1","2","1","1","5","2","4","1","2","2","4","2","1"
"ljduvywo","2","4","5","3","4","4","5","5","5","4"," 2","3"," 2","4","2 ","3"
"ohfkesnd","1","1","5","2","3","3","3","1"," 5","4","2","2","3","4","3","3"
"auhowtdm","5","4","5","2","5","5","3","3","3","5","5","5","3","5","4","4"
"dytifjro","2","5"," 5","1","5","3","3","5","5","5 ","5","3","4","4","4","3"
"qyextihm","1 ","2","5","1","1","1","1","2","3","2"," 1","2","2","1 ","3","1"
"ghutpsre","2","1","1","1","1","1","1","1","2","3","2","2","1","1","1","1"
"skfcvxpa","2","1","5","1","1","5","2","1","3","4","3","2","3","1","3","2"
"bojsnzla","2","2","5","3","3","3","5","2","5","4","1","2","4","4","4","2"
"jvldngth","2","1","5","1","4","5","3"," 3","3","4","5","1","4","5","3","3"
"vzmkpnja","5 ","4","5","3","4","5","2","5","5","5","5","2","4","4","4","3"
"ukmwfiyv","2","1","4","1","1 ","5","3","2","3","4","1","3","1","4","3","2"
"mouhfcqt","2","1","5 ","1","5 ","1 ","2","3","3","4","5","2","2"," 4","3 ","2"
"ouvdmijh","2","4","5","5","4","5","3","2","5","4"," 5","3","3","4","4","3"
"eqojmgba","5","5","5 ","5","5","5","5","5"," 5","5","5","5","5","5","4","5"
"vidsqcxy","5","5","5","5","5","4","5","5","3","5","5 ","2","4","4","3","5"
"pvhysfam","2","2","5","1"," 4 ","5"," 5","3","5","4","5","2","3 "," 4","4","3"
"ufdlowec","1","2","5","1"," 1","3","1","2","3"," 3","3","2","4","1","3","3 "
"xpbykieo","1","1","1","2","1"," 1","1","1","1","3","3","2","2","4","3","1"
"zcsbqovj","5","5","5"," 1","5","5","5","3","5","4","5","3","4","5","4","3"
"xhivsydl","1","2","1","1","1","1","1","1","1","2","1","2","2","1"," 2","3"
"jfsmptah","1","4","5","1","1","1","1","2","2","4","3","2","4","1","4","2"
"kfxtzasj"," 2"," 1","5","1","5"," 3","2","5","5","2","1","2","3","3","3","3"
"sfjckhdt","1","2","5","1","1","3","1","1","3","3","1","2","1","4","3","1 "
"ngsciexj","2","1","5","1","1","3","1","2","3","4","5","2","2","4","2","2"
"nmjuwzeo","2","1","4","1","1","3","3","3","3","4","1","2","4","4","1"," 3"
"uiybozmv","2","2","2","2","1","3","3 ","1","3","4","3 ","3"," 4","4","2","2"
"jxspvmtf","3","3","5","1","3","3","2","1","5","4","3","5","4","4","4","3"
"lwmukzoy","5","5","5","5","5","5","4","5","5","4","5","5","5","5","4","3"
"jyowhzpa","1","1","2","3"," 2","3","1","2","2","4","5","2","2","1","4","2"
"nplwtdoe","2","3","2"," 5","4","4","3","1","- ","3","1","2","4","1","4","3"
"vwgkxqyb","2","3","1","1","5"," 5","3"," 5 ","3","4","5","3","2","4","4","2"
"etpkngud","5","4"," 5","2 "," 3","5","3","5","5","4","5","3","3","4","4","4"
"eipvfznh","2","5","5","4","5","5","5","3","5","4","5","2","4","4","4","2"
"tjasoxul","5","1","5","1","1","3","5","2"," 4","3","1","2 ","2 ","4","4","3"
"soyigjlp","2"," 5","5","3","4","5","1","2","5","5","5","3","2","4","3","3"
"qwabtvym"," 1","1","1","3","2","2","3","2","3"," 4","5","1","2","4","1","2"
"blfjikps","1","1","1","1","1","1","1","1","2","3 ","1","1","2","1","1"," 1"
"iyzxdsga","1"," 2","1","1","1","1","1","1","1","4","1","2","4","4","4","1"
"zegorxid","2","1","1","1","1","3"," 3","1","2","3","2","2","2","4","3","2"
"bzsqdnvp","1","4","5","2","4","4","3","3","5","5","5","3","4","4","5","4"
"zdysilmr","1","1","2","1 ","1","3","1","1","1","2","1","2","2","1","1","3"
"zvbwamnj","3","1","5","1","3"," 1","2","2","5"," 3","1","2","2","4","3","1"
"ekuimxhw"," 1","1","1","1","4","3","1","2","3","3","5","2","4","4","1 ","3"
"jusgqilb","2","1","3","1","1","2","3","1","1","4","1","5","3","2","1","2"
"iacpszov","1","1","1","1","1","3","3","5","3","4","1","2","2","4","3","2"
"besvpjyc","2 ","1","5","1","1","1","1","2","3","1","1","1","1","4","4","3"
"ufxalnyz","1","4","1","1","4","3","3","2","3","4","5","2","4","4","1"," 3"
"upkneqsi","2","3","2","1","4","1 ","1 "," 5","3","4"," 1 ","2","4","4","1","3"
"qnszahvj","5","4","5","5","5","3","","3","2","4","5","5","4","5","2","2"
"jcvtdfwx","2","1","4","3","1","3","1","3","2","4","5","","4","4","3","3"
"zebaripn","5","1","1","1","1","3"," 3","2","2"," 4","5 ","2","2"," 4","4","3"
"mbjxfdyt","1","1","5","2","1","3","3","1","4","4","1","2","2","3"," 2","3"
"zfhnmxjv","2","4","5","1 ","5","1","3","3","3","5","3","2","3","4","3","3"
"uwrfevjq","2","5","5","5","4","5","3"," 3","5","3"," 5","2","2","4","4","4"
"zlxevtnd","5","1","5","1"," 4","3","1","5","2","4","1","2","2","4","4","5"
"edjqbxua","3","2","5","3","2","3","3","1","3","2","1","2","1","4","4","1"
"zjecouqv","2","4","5","3 ","5","3","1","2","3","4","5","2","4 ","4","5","3"
"gdihlqam","1","2"," 5","1","1","3","3","1","2","3","1","2","2","1","2","3"
"gnjplhed","1","2","5","2","4","3","3","5","3","4","1","2","5 ","4","4","3"
"voqesmnd","2","1","5","1","5","3","3","1","3","3","5","2","3","4"," 4","3"
"tgfdwmuh","1","2 ","3","1","5","3","2","5 ","3","1","2","2","2","4","1","3"
"qmofjatv","1","1","1","1","1","2"," 3","2","2","3","3","1 "," 4","4","1","1"
"oduztkwi"," 2","1","2","1","1","3","1","2","1","1","1","2","1","1","2","1"
"yscxbirv","1","2","5","1","5","3","5"," 4","3","3","5","2","2","4","1","3"
"pxyalqgc","2","1","5","5","4","3","5 ","3","5","4","2","3","3","4","3","4"
"ahtgrqlv","1","1","3","2 ","4","5","5","2","3","5","5","2","2","5","4","3 "
"aczslfmy","1","2","1","1","1","3","1","1","1","4","1","2","2","4","3","3"
"bpovkhql","1","2 ","2","1"," 1","1","1","1","2","1","1","2","2","4"," 2","1"
"qhvnujow","2","3","5","1","5","4","3","1","4 ","5","3","2","-","5","4","2"
"xdjcbuhl","2","4","5","1","3","5","5","1","1","4","2"," 2","4","4","4","2"
"ozilubne","1","5","5","1","5","3","3","1","5","3","3","2","4","4","4","3"
"yznlfhmu","2","5","4","1","2","3","3","3","5"," 5"," 2","3","4","4"," 3","3"
"ohabqfvw","1"," 1","3","1","1","1 ","1","1","3","4","1","2","2"," 4","3","2"
"tnyswvpx","1","1","1","1","1","1","1","1","2","4","3","1","2","1","3","3"
"egocyvdm","2"," 1","1","1","4","5","5","3","2","4","5","2","4","4","4","4"
"kquzsrxc","2","3","5"," 1","5","3","3","5","1","4","5","2","4","4","4","3"
"hnixymgq","5","","5","5","5","5","3"," 5","5","5","5"," 5","5","4","5","5"
"smfnujlp","5","2","5","5","5","5","5","5","5","4","5","3","2","5","5","4"
"fihteckr","2","5","5","1","5","5","3","1 ","4 ","5","5","3","5","5","4"," 5"
"cjdwpgyb","2","2","1","1","1","4","1","2","2","3","1","1","2","4","1","2"
"cqpiogsz","2","2 ","5","1","5","3","1","2","4","3","5","2","3","4","2","2"
"amoynpdq","1","1","1","1","1","1","1","1","3","3","1","1","3","1","1","1"
"xfzraymq","2","3","2","1","4","3","2","2 ","2","3","1","1","3","4","2","3"
"txjzslen","1"," 1","5","1","4","4"," 3","4","3","4","1","2","2","4","2","1"
"wmvneqli","1","1","1","1","1","3","1","1","1","1","1 ","2 ","1","1","2","1"
"zuxmcahy","5","1","3","2","5","2","5","4"," 2","4","5"," 3","4 ","4","4","3"
"vzpfcuqd","1","1","2","5","5","1","4","2","3","3","5"," 2","3","1","3","3"
"narvwxhu","1","1","2","1","1","1","1","1 "," 3","3","1","2"," 3","4","2","2"
"tnsdchub","5","1","5","1","5","3","3","4","5","4","5","3","4","1","4","2"
"antvzrmx","1","1","5","4","5","5 ","3","5","3","5","5","2","5","4","4"," 3"
"ecivlabw","1","1","5","1","1","3","1","1","2","4","1 ","2","1","4","3","2 "
"vidyqnrb","5","1","5","1","4","4","2 ","3","2","4","5","2","4 ","4","1","3"
"thmwnulc","2","3","5","1","1","1","1","2","1","4","5","2","2","1","1","2"
"enbrozck","1"," 3","1","3","1","1","1","1","3","2","5","2","2","1","1","2 "
"mkvbtqfd","3","2","5","1","4","5","3","3","3","5","2","2","3","5","5","4"
"iynwqcuz","2","3","5","1 ","5","1","5","2","3","4","1"," 1","2"," 4"," 2","3"
"aobscikw","2","1","5","3","4 ","2","2","3","3","3","5","3 ","4","5","4","5"
"oruzckql"," 5"," 5","5","1","5","5","3","3","5","5","5","2","4","4","4","3"
"qzveofgh","2","1","2","1","1"," 2"," 1"," 1","3","4"," 1","2","4","4","3","3"
"ixtlkozf","2","1","1 ","1"," 1","1 ","3","1","3 ","3","3 ","2","2"," 4","4","5"
"dsntjocm","5","5","5","5","1","5","5","3","5","4","5","5","5","5","4","3"
"pxibwzmv","1","1","5","1"," 4","5 ","3","5 ","5","4","4","2","2","4","4","3 "
"zesqhpnk","1","1","5"," 1","1","5","3","2","4","4","1","2","5"," 4","4","3"
"jungvxac","2","1","1","1","1","3","1","1","4","3","1 ","2 ","3","4","1","1"
"kwruxzny","2","5"," 1","5","5","5","3","5","5"," 4","5","3"," 5","5","4","5"
"logbsxej","5","3","5","3","4","3","5","2","5","4","1","2","3"," 4","3","3"
"znfytksb","2 ","5 ","5","3","4","5","3","2","3","3","5","3","4","4","4","2"
"dkfonmrt","1","1","5","1","1","2","1","2","3","1","3","1","2","4","1","3"
"nqhfswmj","4","3","5"," 1","4","4","3","1","3","4","5"," 1","3","4","3","2"
"xycjztwh","1","5"," 5","5","5","3","1","5","3","4","1","5","3","5","4","4"
"rclzwpie","5 ","5"," 5","4","1","3","3","3"," 5","4","1","3","2 ","4","3"," 5"
"vypwetsk","2","5","5","5","5","4","5","5","3","5"," 5","5","4","5 ","4","5 "
"gyjbdthl","2","2","3","5","5","4"," 3","5","5","4","5","3","4","4","5","3 "
"nufjqkyi","2","1 ","5","2","1","3","3","1","5","5","1","2","3","4","4","1"
"xwnvedua","2","4","1","4","2","3 ","3","4","3","4","5","2","3","3","4","3"
"nsbjcfka"," 1","3","1","1","3","3","1","2","2","4 ","1","2","3","1","4 ","3"
"grdevkjx","2","1","2","2","5","5","3","2","2","4","1","2","3","1","4","3"
"zicfvgaj","2","5","5","1","5","4","3","4","2","4","3","3","4","4"," 4","2"
"pbmfanow","1","4","5","4"," 2","5","4","2","3","4","5"," 2","3","4","5","3"
"acmtspru","2","2","1","5"," 5","5","3","4","5"," 4","5 ","3","4"," 4","4","4"
"rqlvwbij","1"," 4","4","2","5","5","3","2","4","4","5","2","3","4","3","2"
"amfpujkn","2"," 3","1","1","1","3","3","2","2","4","1 ","2 ","4"," 1","3","2"
"zckolaxw","2","2","5"," 1","1","3"," 1","2","3","4","5","2"," 2","2 ","3","3"
"soirefzq","5"," 3","5","1","5","3","5","5","3","5","5","2","4","4","4","3"
"xnaokhuq","1","1","1 ","1","1","3","1","1","1","1","3","2","2","1","3","2"
"ugmrvidp","3"," 1","5","5","4","5","2","4","4","4","5","2","4","5","4","4"
"eizomnul","4","2","3","2","2","3","3","2","2","4 ","3","2","3","4","4","3"
"yuwnkisj","3","3","1","3","1","3","3","1","4","4","2","2","2","4","4","2"
"rsmeajhn","2","1","5","1","5 ","2","2","1"," 3","1","5","2","2","4","3","2"
"datbfxpo","5","2","1","1","5","5","3 ","2","5","4","5","3","4","5","4"," 2"
"zdiwjflu","2","1","1","1","1","1","1","1","3","4","1","2"," 3","1","3","3"
"ijgtqhwy","3","2","5","5","1","4 ","3"," 5","3","4","5","2","4","5","3","3"
"zivalpwr","1","1 ","2","1","1","3","3","1","2","4","3","2 ","4","4","1","2"
"bjfptknr","2","1","1","1","1","1","1","1","3","4","1","2","2","1","1","1"
"qrfijbnu","2","1","5","2","5","1","5","4","5","5","5","3","4"," 5","4","5"
"qzgxpidf"," 2 ","4","5","1","5","1","3","2","3 ","5","3","3","2","4","4","3"
"bmneqogh","2","5 ","5","5","5","3","3","5"," 5","5","5","5","4","5","4 ","4"
"rxctkmzb","1","1","1","1","1","1 ","1","2","2","1","1","1","2 ","1","3","2"
"znoawsie","2","3","3"," 1","5","3","3","1","3","3","3","1","2","4","1 ","2"
"zfolmqbe","","","","","","","","","","","","","","","",""
"ptdowaqs","1","1","3","1","1","3","1","1","3","4","1","2","2","1","2","2"
"tasgdlvm","2","1","1","1","1","3","3","2","2","4 "," 1","2","3","4","4","3"
"cukthrgi","5","3","5","5","4","5","5","5","5","5","5","3","4","5","5","3"
"vdkazuhy","1","1","1","1","1","1","1","1","3","4","1","2","2","4","3","2"
"jimyuwrl","2","4"," 5","2","3","3","3","5","5","5","5","2","3","4","5","3"
"pgrxmjwi","1","2"," 1","1","1","3","1","3","2","5","1","1 ","3","4","3","3"
"bnkxzvmo","5","2","4","1","5","4","5","3","3","4","5","2","4","4","4","4"
"wpncdhzg","1","2","3","1","1","5","5","2","5","4","1","3","4","4","3","3"
"acxreifd","5","2","2","2","5","4","3","2","3","4","1",""," 4","4","1","2"
"bghniuac","2","1","1","1","1","3","1","3","2","4","5","2","2 ","1 ","1","3"
"hlurnxqa","5","4","5","1","1","1","3","5","3","5","5","2","5","4 ","4","3"
"djglupeb","1","4","1","1","1","1","1 ","2 ","1","1","1","2","1","1","2","2"
"cowiekud","3","1 ","5","1","1 ","1","3","2","4","4","1","2","2","4","1","5"
"zmvxwfot","2","2 ","5"," 5 ","1","3","3","2","2","4","-","2","4","2","4","3"
"gnzaekpu","1","1","2 ","1","1","1","1","1","1","3","1","1","2","1","1","1"
"nuvwzcpk","1","2"," 3","3","5","3","2","2","5","4","3"," 2","4 ","4","3","3"
"qntvmaob","2","5","5","5","5","4","3","2"," 5","4 ","5","3","5","4","5","2"
"tmnsuwpg"," 5","4","5","5","1","3","3","5","5","5","1","3","4"," 4","5","3"
"mybcdhui","2"," 5","2","2","2","5","1","5","5","4","5","2","2","4","4","5"
"zekmfhao","2","1","5","5","1","1","5","2","4","4","5","2","3","4","3","2"
"gomlcisz","5","5","5","3 ","5","5","3 ","5","5","5 ","5","2","4","2 ","5 ","3"
"gjruvwbi","5","4","5","5"," 5","5","3","5 ","4 "," 5","5","2","5","5","4","3"
"owlvhguf","2","2","5","5","4","5","3","4","5","4","3","5","4","4","3","3"
"zwvtsfej","2","1","3"," 1","1","3","1","2","2 ","3","5","2","2","4","3","2"
"rtpdcuqh","1","1","5","1","1","3","1","2","1"," 3","1","2","2","1","2","2"
"nbvxukmq","","2","2 ","1","5","1","3","2","3","4","3"," 2","4","1","3","2 "
"ujxistrf","2","1 ","4","1","1","1","3","1"," 2","4","1","3","2","4"," 1","2"
"rckeqztw","5","5","5","3","5","5","5","5","5","5","5","3","5","4","5 ","5"
"sltcegjx","5","5","5","5","4","5","3","5","5","4","5","3","4","4 ","5","5"
"ctleprhy","2","1","5","1 ","4","3","3","3","3","4","1","2","4","1","1","2"
"ypjitgqx","2","2","2 ","1","1","1","1","1","2","4","1","2","3","4","3","3"
"yvqcsrzg"," 2","3","5","3","5","5","3","2 ","2","5","5","3"," 2","4"," 3","3"
"lwodxrhu","5","1"," 5","5","5","3","3","5 ","5","4","5","5","3 ","4 ","4","3"
"kogalynm","2","2","5","3","1","3","3"," 3","3","4 ","1","2","2","4","4","4"
"jwetfmci","2","2","1","2","4"," 4","3","3","1","4","","2","4","4","2","3"
"rqzovmiw","1","2","5","3","4","2"," 5","2","5","4","5","1","4","4","4","3"
"ouvahkct","2","3","3 ","2"," 3","5","5","3","3","4","1","2"," 2","4","4"," 3"
"smvnicjz","5","5"," 5","5","5 ","5","5","3","5","5","5","5","5","5 ","5","4"
"exzhtdbs","5","5","5","1 ","1","3","4","2","5","5","5","2","2","5","4","3"
"yqosiher","4","1","5","1","5","3","4"," 5","3","5","5","2","3","4","2","3"
"qnxzycgj","5 ","4","5","5","5","5","5"," 3","3","4","5 ","2","2","4","4","3"
"qupwtdka","4","2","3","1","1","1","3","1","2 ","1","5","2","2","1","4","2"
"lgfinkbt","3 ","5","2","1","3","1","1","1","5","4","1","3","2","4","1","2"
"fbcvwuye","3","3","1","1","5","5","3","2","3"," 4","3","2","5","5","3","3"
"fanktsmh","1","1","1","1","1"," 4","1","2","1","4","3","2","4","3","2","3"
"afdoleyc","1","4","5","5","5","5","4","5","5","4","5","5","4","4","4 ","5"
"nhtadzoy","1","3","1","5","1","5","1","2","2","4","5","2","2","4","2","2"
"lnytiohf","2","1","3","1","1","1","1","1","1","2","1","2","2"," 1","2","2"
"lxjwczko","5","5","5","5","5","5","5","5"," 5","5","5","5","4","5","5","5 "
"uisfavjb","2","1","4","1","1","1","3","3","5","4","1","2","2","1 ","3","2"
"xiupjkhf","2","4","5","1 ","4","3","3"," 2","4","3","1","2","2","4","3","2"
"edaxscbw","2","2 ","5","2","4"," 3","3","5","5","4","5","2 ","4","5","4","3"
"hrbfuxsc","1","-","5","1","1","3","3","1","3","3","3","1","2","3","1","2"
"ideosbth","1","1","5","1","1","1","1","1","2","4","1","1","3","1","2","2"
"vhrwgkyx","1","2","2","1","1","1","2","2","2","1","1","2","3","4","3","1"
"hbqpmuie","2","2","2","1","1","1","1"," 1","3","4","1"," 1","3","4","4","2"
"lqptofiz","1","1","3","2","4","3","5","2","3","5","1","2 ","3","4","4","3"
"jaeiucsm","2","1","1","1","2","3","3","1","1","3"," 5","2","4","4","3","1"
"fcorzeys","2","1","2","1","1","3","2","1","3","4","3","2","3","4","4","2"
"hlpmxatu","2","3","5","5","5","5","3","5","5","4","5"," 2","5","4","5","4"
"vrnxubec","1","1","1","5","4","3","3","2","2","4","1","2","3","4","3","3"
"eqlciwjb","1","1","1","1","1","1"," 1","2","1","1","1","1","1","4","3","1"
"wuxtlyoq","2","4","5","3","1","3","1","2","5","4","5","2","1","4","4","3"
"vlmybsik","1 ","4","2","1"," 1","3","3","2 ","3","4","5","2","2","4","1","2"
"dpeanosx","1","1","1","2","1","3","2","2","2"," 3","3","2","4","1","4","2"
"ohlqndyr","1","1","1","1","1 ","1","1","2","1","3 ","1","1","2","1","1"," 2"
"yvtwpkdj","5","4","1 ","3","1","2 "," 3","2","5"," 3","3","2","2","4","3","4"
"hnwqceiu","2","2","3"," 2","1","5","5","2","3","4","5","2","4","4","4","3"
"xafyqkmd","1","2 "," 3","1","4","3","1","5","5","4","5","2","2","4","4"," 3"
"ounfksgc","1 ","1","5 ","5","1","1","1","2","2 ","5","1","2","2","4","1","3"
"qzemsywg","1","1","1","1","1","1","1","1","1","3"," 1","2","1","1","1","1"
"vrkamseu","3","4","5 ","3","2","4","5","5","5","4 ","5","2","5","4 ","4","5"
"ykgnloxb","2","1","1","1","1","1","1","1","1","1","1","1","2","1","1","1"
"nyusoleq","1","3","5","2","5","5","2","2","5","4","3","2","3","4","4","4"
"bfexirhl","1","1","1","1","1","3","1 ","1","2","4","1 ","2","2","4","1","2"
"kagwycst","1","2","1","1","5","5","2","2","3","4","1","2","2","4"," 4","3 "
"vczlkibj","4"," 5"," 5","3","5","3","3","3","5","5","5","2","2 ","4","3 ","3"
"lvwyatzf","2","1","4","1"," 1"," 3","1","2","3","4","1","2","2","4","4","3"
"guwdqkfv","1","5","5","4 ","5","4","1","5","3 ","4","1","2","3","4","2","5"
"rvzgfhkp","2","2","5","3","","5","3 ","3","5","5","5","3","5","5","4","4"
"kwmixyhc","2"," 1","1"," 1","1"," 3","2","3","4","1","1","5","2","4","4","3"
"pxytjmws","3","2","5","5","4","3","3","5","5","4","5","5","4","4 ","4","3"
"emtwlzyk","1","2 ","1","1","1","2","2","2 ","1","4","5","1","2","2","1","1"
"vjcpfuyl"," 5","4","5","5","5","5","5","5","5","4","5 "," 2","4","5","4","3"
"xbiyfwoq","3","4 ","5","2","5","3","4","3","4","5","1","3","4","5","4","5"
"scwaridq","5","5 ","5","5","5","5","4","5","5","5","5","3","4","5","4","3"
"fbxmchpz","5","1","5","5","5","5","3","2","5 ","4","5","2 ","4","4","4"," 3"
"ameykgtr","1 ","4","2","1","1","1","3","2","2","3","1","2","3","1","2","2"
"mouhcnxv","2","4","5","1 ","4","5","3","3","3","4","5 ","2","4","4","4","3"
"bhjnekoy","2","5","5","3 ","5","5","1","5","4","5 ","5","3","4","4","4","2"
"nmbopqzh","1","1","2"," 1","1","2","1","1","1","4","4","2","2","1","3","1"
"wbxchfyu","5","1","1"," 1","4","3","2","2","3","3","2","2","3","1","1","4"
"knhbadjf","4","5","5","5","5","5","5 ","3","4","4","1","3","4","4","3","4"
"jntrzuiv","2","1","4","5","5","5","5","5","5","4","5","2","4","5","4","3 "
"pqrskxnc","1 ","1","1","1","2","1","1","2","3","4"," 1","2 ","1","3","1","2"
"fpngastz","1","1","3","2","1","1","1","2 ","2","4","1","3","2","4","1","2"
"jloyeihg","1 ","1","1","1","3","1","3","1","1","4","1","2","2","2","1","2"
"qznejvgc","1","4","5","3","4","4","1","2","3","4","1","2","4","4"," 1","2"
"ihmjxpsg","2","4","5","1","1 ","3","3","3","1","3","1","1","2","1","4"," 2"
"wuxobnlj","2","3","5","1","5","3","1","1","5","4"," 4","2"," 4","4","4","2"
"eptmawdz","2","1 ","2"," 1","2","1","3","2"," 3","4","1","2","2","4","4","2"
"nhyfpiju","1","2","5","2","1","3","2","2","1","4","1","2","3","1","3","2"
"mulobxpr","2","5","5","3","5","5","5","3","5","5","5","3","4","4"," 5","4"
"uhxbnqlg","2","1","4","1","1","1","1","1","3","1","3","2","3","","4","3"
"dehkotcz","1","1","5","1","1","2","1","2","3","4","5","2","2","4","3","3"
"ghtpqnwo"," 2","1","1","1"," 1","1","1 ","2","1","4","1","1 ","2","1","1","1"
"swemlpxj","1","3","1","2","1","1","1","1","2","4","2","2"," 3","4","3","2"
"tvkfeczi","2","1","5","1","4","4","3","3","4","4","3","2 ","2 ","5","4","3"
"fnrkimzg","1","2","5","4","4","3 ","3","5","4","4","1","2","2","4","3","3"
"glvybiaz","5","5","5","5","4","5","5","5","5","5","5","5","5 ","4","4","4"
"dnkuhbmt","2","2","5","2","5","4","1","5","5","4","2","2","4","5","4","3"
"ourviygf","5","4","2","5","5","5","5","5","5","5","3","3","4","5","5","5"
"pdlvcxuo","2","1","2","5","1 ","3","1","2","5","4","1","2","2","4","3","3"
"tbplmciz","1","1","1","1","1","1","1","2","1","1","1","1","1","1","1","1"
"swpzlbme","1","1","1","3","1 ","3","1 ","1","2","3","1","2","3","4","4","2"
"wmyzualo","2","2","1","1","4","4","3","3","3","4","5","2","2","5","3","3"
"dcaosvlu","1","2","2","1","1","1","1","1"," 1","1","1","1","1","1","1","1"
"zcremqjb","2","5","5","1"," 5","3"," 3","3 ","5","1","3","2","3","4","4","4"
"gyehufsn","5","3","5","5","1","3","3","3","3"," 4","5 ","2","4","4","4","2"
"ohutrsib","3","1","5","5","1","3","3","","2","4","1","2","4","4","3","3"
"paibsnuy","3","1","5","2","1","5","1"," 1","5","4","5","2","2","5","3 "," 3"
"fkxsurcy","2","5 ","5 "," 4","5"," 4","5","5","5","5","5","5","5","5","5","4"
"ljhdfpyb","5","2","5","2","5","5","1","2","3","4","5","2","2","1","3","2"
"tnedghfy","2","4","5","5","5","3","1","5","4","5"," 1","2","5","4","4"," 2"
"qpmwdyvh","1"," 1","1","1","1","1","3","2","3","4"," 5","2","2","1","2 ","3"
"kqbmveid"," 4","1 ","2","5","5","3","3","5","3","5","5","3","4","4","4","3"
"oqsiwkzx","1","1","1","1","5","1","1","1","2","4","5","3","2","4","1 ","1"
"vkloxzga","2","3","5 ","2","4"," 4","3","5","4","4","5","2","2","5","3","5"
"fdaixneo","5","3","5","3","-","5","3","3","3","4","5","2","3","4","3","4"
"vlexbauc","1","4","5","3 "," 5","3","1","3","4","4","4","2","2","2","4","3"
"cpdijhvo","3","5"," 5","3","5","3","5","2","5","5","5 ","3","4","5","4 ","3"
"rqshfwdt","2","1","5","1","1","1","3","2","4","4","5"," 2","2","4","4","2"
"xbkhdnwq","3","1","2","5","3","3","3","2","4","4","5","3","2","4","4","3"
"kdqgfwaz","1","2","5"," 1","1","3","2","2","3","4","5","2","2","4","4","3"
"rjhfczei"," 2","1","5","1","1","1","3","1","3","4","1","2","2","4","4","2"
"bliznodg","1","1","1","1","4","1","3","2","3","1 ","1 ","1"," 2","4","3","2"
"gpsnkyih","1","1","5","1","1","1","1","1 "," 1 ","1","1","1","1","4","4","2"
"kxrhqpud","1","1"," 5","1","5","3","2","4","4","5","5","2 ","4","4","3","2"
"lpseayig","1","1","5","1","1 ","1","1","1","1","2"," 1","2","2","1","2","1"
"nwyhobsj","5","5","5","4","5","4"," 5","5","3","5","5","2","5 ","5"," 4","3"
"vckgsqmi","1","1","5","1","1","3","1","1","1","1","1","2","3","4","1","2"
"dnalxtgu","1 ","1","5","1","3","3","3","2","4","4 ","5","2","4","4","4",""
"cjqurely","1","1","5","1","5","5","3","2","2","4","1","2","4","4","1","3"
"iltajnyh","","","","","","","","","","","","","","","",""
"vnquxmia","2","5","5","1","1","3","1","1","5 ","4","3","3","4","4"," 5","3"
"mtyexzqs","3","2","5","3","5","3","3","3","3","4","1","1","4","4","4","3"
"jscanudl","1","1","1"," 1","1","2","1","1"," 2","1","1","1","2","1","1","1"
"ekowrtdi","2","2","5","2","1","3","3","2","4","4","1","2","4","4","2","2"
"sfribecm","3 ","3","5","2","4","3","5","5","5","5","1","2","5","1","4","4"
"jprcmqfv","2","3","5","1","4","3","3","1","5","4","1","2 ","2","5 ","3","3"
"bgjievmn","5","5","5","3","1","5","3","3","5","4","1","2","3","4","4","2"
"bdquxnew","1","1","1","2","1","3","1","2","2","4","1","2","2","2 ","4","1"
"kspiqnxg","4","1"," 2","1","1","3","1","2","2","4","1","3","2","1","4","2"
"komjviux","2 ","1","5","1","4","3","1","3","3","3","1","2","5","4","4","3"
"mpylxtkj","5","3","5","1","4","5","1","5","2","1","5","2","3","4","4","5"
"mldpuixc","1","1","5","1","1","3","3","2","3","5","3","2","3","4","3","2 "
"omtgcxbf","2"," 5","5","5","2","","5","4","3","5","5","3","2","4","3"," "
"vumltfyi","1","1","1","1","1","3","1","1","1","4 ","1","2","3","4","1","2"
"bzcakpwt","4","3","5 ","2","5","5","3","2","5","4","5"," 2","4","4","4","4"
"dzpiogyc","5","5","5","5","5","5","5","5","3","5","2 ","3","4","5","4","5"
"meayxldb","2","2","5","1","4","5"," 3","3","4","3","5","2","2","4","2","3"
"biuzcxnd","2","1","5","2"," 1","3","3","1","5","4","5"," 2"," 4","4","4","2"
"gncpyetj","2","2","5","1","4 ","3","3","2","4","4","3","2","4","4","3","3"
"vslihmgw","3","4","5","1","1","1","1","2","3","4","5","2","3"," 3","4","2"
"dfwunyxb","1","1","5","1","1","3","1","2","3","4","3","2","3","2","1","3"
"zapxnvju","2","5","1","1","1","1","3","2","1","1","1","2","2","4","4","3 "
"dfrszgpk","2"," 3","5","1","1","3","4","2","3","4","5","2","3","4","1","3"
"grdjnibe","5","2","5","1","5","3","3"," 3","1","3","5","3","2","4"," 4","3"
"pvrusqte","1","5","5","3","3","4","5","5","2","4","1","5","4","4","5","3"
"cvdxmzlk","1","1","1","1","1","2","1","2","3 ","4","1","2","2","1","3 ","2 "
"upodtygj","1","1","1","1","1","1","1","1","1","2","2","2","2","1","1","2"
"tzkuabif","1","1","1","1","1","2","1","1","3","4","1","1","2","4","4","2"
"apybicnz","2","3","3","2","1","4","4","1"," 5","4","3","2","4","4"," 2","3"
"krxwgulb","3","5","5","5","5","5","3","5","5","4","3","2","4","5","4","3"
"kslimuvd","3","3","5","1","2","3","3","5"," ","4"," 5","3","3","4","4","3"
"zmjfulxb","2","2 ","5","5","5","5","3","3","2","4","5","3","4","4","4","4"
"ljawqrou","2","4","5","3","2","3","3","2","4","4","2","2","2","4","4","5 "
"fouxmqtn","2","1","2","1","4","3","3","4","2","4","1","2","","4","4"," 5"
"vxqzrlgf","5","5","5","2","5","5","3","5","5"," 5","5","5","4","5","4","3"
"xvpdhocw","2","3"," 1 ","1","5","3","1","2","3","3","5","2","1","4","3","2"
"dluzacfo","4"," 5","5","5","4","5","5","2"," 5","4","5 ","5","4","5","5","5"
"mhjebsvo","2","1 ","1","3","1"," 1","2","2","3","3","5","2","2 ","4 ","3","3"
"vglinqhf","1","2","1","1","4","1","3","3 ","1","4","1","2","3","4","1","2"
"vhaowirj","2","5","5","5","3","3","5","5","3","5","5","2","4 ","5","4 ","3"
"iojdfyng","1","1 ","2","1","1","3","3","3","5","5","5","2","3","4","4","2 "
"jywrbnox"," 2","2"," 5","1","4","5 ","2"," 5","5","4","1","2","4"," 4"," 3","3"
"hgrtamop","1","1","1"," 1","1","2","1","1","3","","1","2","4 ","1","4"," 2"
"lghvnwuy","1","2","1","2","1","3","1","2","2","4","1","2","2","1","3","2"
"drgitbho","2","3","5","5","1","3","3 ","4 ","3","5","1","2","4","4 ","4","5"
"xmzdkopi","2","2 ","3","1","3","3"," 3","1","3 ","3","1","2","4","3","1","3"
"zgfkqbln","1","1","1","1","1","3","1","1","1"," 2","5","2","2","4","1","2"
"dmvkiyzt","2","1","1","1","1","1","1","3","3","4","3 ","1","2","1","1","2"
"chnpjmru","2","3","3","2","1","2"," 2","3","2","1","1","2","5","1","4","1"
"lgwphmvn","2","1","3","1","1","5 ","3","2","5"," 1","1","2","2","4","2","2"
"gchpyuxz","2","5","5"," 3","3","1","3","1","3","4","3","2","3","4","4","3"
"mrzsuoae","1","1","5","1"," 1","3 ","2","5","1","4","1","2","4","1","3","4"
"voiatryq","3","5","5"," 5","5","4","5","5"," 5","5"," 5","3","4","5","4","3"
"ityxawbq","2 ","1","1","1","4","2","3","1","4","4","5 ","2","4","4","4","2"
"afuiotch","1","1","5","5","1","3","3","5","4","5","3","3","4","4","3 ","4"
"mquwkzdo","2","4","5","1","3","3","3","3","3","4","1","2","2","4"," 3","3"
"mpjovdbz","3","5","5","4","5","4","2","5","4","4","5","3","4 "," 4","5 "," 4"
"qmdacylp","2","1","5","1","5 ","5","3","3","3","3","3 ","2","3","1","3","3"
"rwejgxzv","2","4","5","1","5","5","5","1","3","4 ","3","3","4","4","3","3"
"nfolyzka","1","1","2","1","1","1","2","2","2","4","1","2","1","1","2","2"
"ybjqtohk","1","4","1","1","1","5","1","3","1","3","1","3","3"," 4","3","2"
"bvqztlcf","4","4","5","1","1","1","3 ","5","2","4","4","3","4","5","4","4"
"qehsoiyr","2","5","5","1","5","4","5","5","3","5","5","2","5","4","4","5"
"ayovczsj","2","2","1","2","1","1","3","3","3","1","4","2","4","4","4","3"
"lipogfxb","3","2","5","2","2","3","4","2","5","5","1","2","4","5","3"," 2"
"onwplgtv","5 ","3","5","3","5","5","1"," 5","4","4","5","5","4","5"," ","3"
"esctjnml","5","2","3","3","4","5 ","3","4","3","4","2"," 5","4","4","4","5"
"xeqbclzu","5","4","5","3","5","3","3","5","5","4","5","3","3","4","4","3"
"qbnskwcz","5","5","5","5","5","5","5","3","5","5","5"," 3","5","5","5","5"
"ilqndvht","2","4","5","3","5","3","3","1","2","5","1","2","2","1","3","3"
"ezjmgsvt","5","3","2","1","4","3","5","2","2","4","3","5","3","","4","4"
"uaevptmh","1","1","1","1","1","1"," 1","1","1","1","1","2","2","1","2","1"
"bmsyglzt","1","2","4","1","1","1","1","1","1","4","5","2","4","1","2","3"
"wnuaflks","2","2","5","1","5","3 ","3","4","4","4","3","3","2","4","4","3"
"rsptkajn","4","4","5","3","5","5","3","5 ","5","5","5","5","4","4"," 4","5"
"vsmdzten","1","1","4","1","4","1","1","2","2","4","5","2","2","4","3","1"
"wselraxz","5","5","5","5","5","5","3","5","5","5","5","2","4","5","4","3"
"lfdtusbq","5","2","1","5","5","3","1","2","3","4","1","2","3","4","4","3"
"psxlzjyv","5","1","5 ","5","1","2","5","3"," 3","4","1","2","3","4","5","4"
"jfwrxknb","2"," 1","1","1","1","1","1","3","2","1","5","2","1","4","1","2"
"jstlrcfd","2","2","5","1","4","3","3","3","5","4 ","5","2","3"," 4","4","2"
"czbtuqnl","2","5","5","1","5","3 ","3","5","5","5","5","2 ","4","5","4"," 5"
"cmpodwix","2","5 ","5","1","5","5","5","2"," 5","4","5","3","","4","4","5"
"fvxdnqsh","2","5","","3","5","1","5","5","3","4","5","2","4","4","4","3 "
"uskcdbtz","1","1","1","2","1","1","1","1","2","4"," 1","1","1","1","1","1"
"fwecvzja","2","1","2","1","1","3","1","1","1","4","1","2","4","4","4","2"
"vdebtarf","2","2","2","1","3","3","3","2","2","4"," 3","2","3","4","3","3"
"isjhemad","1","2","2","1","3","2","3","2","3","1","1","2","2","4","1","3"
"nzkwudtr","1 ","1","1","3","1","2","1","1","3","3","5","2","2","4","4","3"
"wdbjalei","1","5","5","5","4","5","3","5","5",""," 5","2","4","5","4","5"
"pdnmxcor","1","1","1","","1 ","1","1","1","3","1"," 2","1","3"," 1","1","2"
"wfntzbgr","2","1","5"," 1","1","1","1","1","3","1","1","2","2","4","4","2"
"ycslkqtn","4","4","5","3","5","3","5","2","4","4","5","5","5","5","3","3"
"atvnxhog","2","2","5","1","4","1","3","3","3","4","1","3","4","1","4","3"
"rtgfhiyz","1","1","5","2","4","5","3","5","3","3","5","2 ","3","4","2","2"
"qgluakyt","1","3","1","3","1","1","1","3","3","4","1","2","4","4","2","2 "
"mehdyija","5 ","4","5","3","5","4","5","5","5","4","5","3","5","4","4"," 3"
"lbiqwsan"," 2"," 3","2","4","1","3","3","2","3 ","4","1","2 ","3"," 4","4","3"
"ugtivckn","5 ","5","5","3"," 5","4","3","5"," 5","4","5","2","4"," 4","5","5"
"djokxghe","1","1","4","1","4","1","1 ","1","3","4","1","2","2","1","4","2"
"dnectoiy","2","1","-","1","1","3 ","1","1","1","3","1","1","1","1","1","1"
"gidmfqkp","1","2","3","1","3","3","1"," 1","2","3","1"," 1","3","4","3","2"
"rqmajies","1","1","2","1","1","1","1","2","3","4","5","2","2","4","3","1"
"vwkpsjya","1","2","5","1","3","2","3","2","2","4","5","2","3","4 ","3","3"
"eaytjlfi","5","5","4","5","1","1","3","2","5","4 ","5","2","4","4","4","5"
"dvqacngw","2","1","3","1","1","4","1","2","4","4","1","-","2","2","3","3"
"amhotkrw","2","4","5","1","4","3","-","2","2","4","1","2","3","4","2","3"
"ckwhsyeu","2","1","1","1","1","3","1","1","4","2","1","2","2","1","3","2"
"okfutmhg"," 2","1","5","1","1","2","1","2","2","4","1","2","2","4","1","2"
"vtsnwglr","1","3","1","1","4"," 3","3","3","5","5","1","2","4","4","3 ","2"
"rluwoink","1","4","1","2"," 1","2 ","1","1","3","1","1","2","3","2"," 3","2"
"bwrupaks","5","5","5","3","5","3","3","5","4","4","5","5","4","5","4","3"
"vokyubfp","2","3","1","1","1","3","1","2","5","4","1","2","2","4","4"," 2"
"iksnthom","1","1","1 ","1","1","3","1","1","2","1","3","2","4","1","4","3"
"bpnotwmx","5","5","5","1 ","5","4","3","3","5 ","4","3","2","4","4"," 4 ","3 "
"zmdovcpa","1","1","1","1","4","1","1"," 2","2","4","1","2","3 ","4 ","2 ","3"
"ysjoazvr","1"," 1","1","1","1","3","1","1","1","1","1","2","1","1","2","2"
"itwojqxa","5","4","5","1","2","3","2","3","5","4","5","2","4","4","4","3"
"estlwygb","5","4","1","1","5","4 ","3","3","3","4","5","2","3","4","4","2"
"uqoxkbcr","1","1","1","1","1","1","1","2","2 ","3"," 1","2","2","1","1","2"
"ohigndcx","5","4","4","5","4","4","2","2","5","5"," 3","5","4","4","4 ","4"
"sdqoagxm","","","","","","","","","","","","","","","",""
"mkcgospr","2","1","5","1"," 5","3","2","4","3","4","5","2","2","4","4","3"
"thgrmkbp","4","2","5","5","5","5","4","3","","5","5","5","5","5","4","5"
"cgrlixnt"," 2","1","5","1","4","3","3","3","5","5","5","2","4","4","4","3"
"knsygcaw","1","1","1","1","1"," 1","1","1","1","4","1","2","1","4","2","1"
"cijbdngm","1","1","2","1","1","1","2","2","1","1","1","2","1","4","1","2"
"xemtgiqz","2","1","3","1 ","1","3","3","3 ","2","4","2","2","2","4","3","3"
"rgjzxsin","2","4","1","1","5","4","2","4","5","5","5","3","4","4","4","3"
"mgvlopyx","1","4"," 5","1","4","3","3","3","5"," 3 ","1"," 2","2","4","4","3"
"ocnhybgp","2","1","5","2","5","5","3","1","5","5","5","2"," 4"," 4","5","2 "
"ycbvihzn","5","2","5","1","5","5","2","2","5 ","4","5","5 ","4","5","3","3"
"fmjyovwx","1","1"," 1","1","1","1","1","1","2","1","1","1","2","1","1","1"
"npmvkjer","1","1","1","1","1","1","1"," 1","2","1","1","1","1","1","2","2"
"rbhpvxzy","3","1","5","3","1","3"," 1","2 ","2","4","3","2","4","4","3","3"
"qwbzgsft","2","2","2","5 ","5","2","5","3 ","5","4","5","3 ","4","4","4","3 "
"koyelwfx","5","4","5 ","4","5","5","3","3","5","5","5","2","4","4","4"," 5"
"epvoixrz","2","1","1","1","1","2","2","3 "," 3"," 3","1","2 ","2","1","1","1"
"ownifjmx","2"," 3","4","5","5","5","5","3","3","3","5","2","5","4","3","3"
"fugebzix"," 1","1","1","1","1","3","2","1","2","3","2","2","2","1","2","2"
"romnvxul","2","4","5","5","3","5","2","5","5"," 5","5","2","4","5","4","5"
"bjguxhwd","5","2","5"," 5","5","5","5","3","5","4","5","3"," 5","5","4","5"
"hudswcnj","1","1","1","1","1","1","2","1","1","1","1","1","2 ","1","1","1"
"elktaqzn","1","1","3","1","1","1 ","1","1","2","4","1","2","3","3","4","2"
"phelgywq","1","1"," 5","1","1","3","1 ","1","4","1","1","2","2"," 1","1","1"
"cgwhkixb","1","2","5","1","2","3","1","2","3","4"," 1","2"," 4","4 ","3","2"
"pxnkcjgz","4","1","3","3","1","3","3","5","3","4 ","1","1","3","4","4","3"
"qlcinyzr","2","2"," 1","3","1","5","3","2"," 3","4","5","1","3","4","3","2"
"bmqfckja","2"," ","5","5","4"," 3","1","2"," 4","5","3","2","5"," 4","3","2"
"sygluftz","2"," 2","5","3","4","3","5","5","3","4","5 ","3","2","5","4","3"
"trglzqji","1","1","4","1 ","5","3","1","2","3","4","1","2","2","4","4","2"
"zghmbqit","2","2","2","1","","3","1","1","2","3","3","2","2","1","4","2"
"qkamxipd","5","4 ","5","5"," 5","5","5","2","5","5","5","2","5","4","4","3"
"luxpgmqc","5","2","2","3 ","5 ","4","3","5 ","3","4","3","2","4","4","4","2"
"ecgntjym","5","4","5","5","5","4","3","2","5","4","5","5 ","4","5"," 5","5"
"fljzpviy","1","1 ","1","2","1","2","1 ","1","3","3","1","2","1","1","1","2"
"gnedtzip","","4"," 5"," 1","5","4","3","1","4","4","5","2","2","4","4","2"
"grbwtkam","1","1","1"," 1","1","3","1","1","1","1","1"," 1","1","1 ","1","1"
"dlahnziv","1","1","1"," 1","1","1","1","1","2","1","1","2","1","1 ","1","1"
"ryspengw","4","2","5","5","5","3","3","-","5","4","1","5","4","5","3","3"
"olgsfyaw","2","1 ","5","4","1","1","1","1","3","4 ","1 ","2 ","4","1","4","2"
"qropyauh","4","4","3","2","3","2","5","5","5","4","1","2","2","4","5"," 3"
"nbkiwvmr","2","1","2","1","1","1","1","1","2","2","1","2","1","3","1","2 "
"gcwitlqk","1","1","1","1","1","3","1","1","1"," 4","1","2","1","1","3","1"
"fwphrqgu","2","4","3"," 1","1","3","3","2","3","4","1","2","2","4","3","3"
"zewlpivh"," 1","2","1","2","1","3","5","3","4","4","1","2","2","1","3","1"
"lbghprew","2 ","1","2","1","1","1","1","1","3","3","1","1","2","4","2","2"
"orsdkjza","5","3","5","1","4"," 4","3","5 ","4","4","5","2","3","4","5","3"
"tufowevg","1","1"," 1","3","1 ","3","2","1","5","4 ","1","2","2","4","4","2"
"ckobwxra","1","1","1","1","1","5"," 3","1","1","3","2","2","2","4","1","2 "
"yialbqsn","2","4","5","1","1","3","1","2","2 ","2","3","2","2","4","3","3"
"nfirqzea","4 ","2","5","5","5","3","5","5","3","4","3","3"," 2","4","3","3"
"lvobshje","5","1","5","3","4","5","3","2 ","5","4","1","2","3","4","3","3"
"brjvfawe","2","5","5","1","5","5","2","5","5","4","1","2","4"," 4","4","4"
"vimjdnrz","1","2","5","1","1","3","1","3","1","3","1","2","1","5","3","1"
"aqtfymnb","2","1","5 ","1","4","3","3","3","3","4","2 ","2","4","1","3","5"
"aqlfbyng","2","1","1","4","4 ","2"," 2","2","3","4","1","2","1","1","1","3"
"yvxstlid","2","5","5","5","5","4 ","5","5","5","5 ","5","2","4","4","4","3"
"hzsnpovc","5","5","1","3 ","5","5","3","3","5","4","5","3","4","4"," 5 ","3"
"ojghwusy","4","4"," 5","5","5","5","5","2","5","4","5","5","5","5","4","5"
"hkiqdyvl"," 5","5","5","-"," 3","3","3","1","3","5","5","3","3","5","4","3"
"knzdebsg","1","3","5","1","4","1","2","3","2","4","5","2","2","4","3","3"
"tieyqckm","2 ","4"," 5","1","4","5"," 5","5","5 ","4","1","5","5","5","4","2"
"jzxvswde","2","2","1","1","1","1","3","5","3","3","1","2"," 4","1","3","2"
"epotynvl","2","3","5","1 ","5","3","3","4 ","4","5","5","2","4","4","4","3"
"inbltuag","1","1","1","1","3"," 1","1","1","3","2","1","1","4","1","2","1"
"vrbcyjpd","3","3","3","3"," 1","3","3","2","3","4","1","2","2","4","3","3"
"tvoadfqg","1","4","1","1","3","1","3","1","5","4","1","2","4","4","2","3"
"nqawpjdl"," 5 ","4","5 ","4","2","5","1","2","5","4","3","2","4","4","4","3 "
"jhpmntqd","2","3","5","1","4"," 1","3","3","3 ","3","5","3","4","3","4","2"
"rsualmhk","5","5","5","4","5","3","3","3","5","5","5","3","3 ","4","4","3"
"gsfhmwrl","3","5","5","3","1","5","3","5","5","5 "," 5","2","4","5","4","4"
"cyrnzhpe","3","5","5","5","1","5","3","5","3","5","2","2","4","4","4","3"
"hztfgjui","2","5"," 5","3"," 4","3","3 ","2","4","5","5","2","2","4","4","3"
"qhutynsr","3","1","5","1","4","3","5","2","5","4","3","2","4","1","3","3"
"dkxwcsmo","1","2","5","2","1","1","2","2","2","4","5","2","2","2","2","2"
"itlouvpm","1","1","1","1","2 ","2","1","1"," 1","3","1","2","3","1","1","1"
"gmpncuwj","5","1","5","2","4","3","5","3","3","3 ","2","3","3","4","5","5"
"zakglmti","2","1","5 ","3","5","1","1","4","5","4 ","1","2","4","4","2","3"
"bgtexkdi","2","4","1","1","1","3","1","1","3","3","1 ","2","2","4","3","2"
"ivhtzjap","2","1","5","1","1","4 ","3","5","4","4","3","2","3","5","3","3"
"jdoeprlz","5"," 5","2","2","1","1","2"," 2","1","4","5","2","3","4 ","4","3"
"dzoimbvp","1","3","1","5"," 4","3","1","1","3","2","3","2","4","1","2","2"
"kgyudwan","2","2","5","1","1 ","-","3","2","2","4","5","2"," 2","3","3","3 "
"scgevdql","2","1","1","1","4","1","3","1","2","4","1","2","2","4"," 3","1"
"hoqjxanw","1","1","1","1","2","1","1 "," 2","2","4","1","2","2","1","3"," 3"
"uyscwhja","2","1","2","1","1","5","3","1","3","3","1","2","3","1","3","3"
"jrqzande","2","2","5"," 1 ","5","3","3","2","5","4","2","2","2","4","4","3"
"gxtewojr","2","5","5","5","5","5"," 3 ","2","2","5","5","3","5","4","4","3"
"clyesrjq"," 2","4","3","1","5","5","3 ","5","4","4","1","2","4 ","5","4","3"
"yvlbxuwk","1","1","1","1","1","1","1","1","1","1","1","1","2","1","1","1"
"vnolidjc","2","3","4","1","2","3"," 5"," 1","2"," 3","5","2","4","1","4","3"
"jrwqgnut","2","3 ","5","1","4","3"," 3","2"," 3","3","5","2","4"," 1","4","3"
"tivxpkof","3","3","5","5","5 ","5","5","5","5","5","5","5","4","5 ","5","5"
"ubxsamfk","5","5","5","5","5",""," 5","5","3","4","5","5","4","5","5","5"
"razqjole","1 ","1","1","1","1","1","1","1","1","2","1","1","1"," 1","1"," 1"
"jkafmxho","1","1","1","1","1","1","3","2","3","1","1","1","2","1","3","2"
"jinvmloe"," 1","4","2","1","4","4","5","2","2","4","5"," 2","2","1"," 3","3"
"ujyvcexb","2","1","1","3","1","3","3","2","3","4","3","2","2 ","4","4","2"
"eduhamqy","5","5","5","3","5 ","4"," 5"," 5"," 5 ","5 ","5","5","5","4","4","5"
"zkbsorwf","2","1","5","1","5","5","5","","3","4","5","2","3","5","2 ","3"
"mevcbhoj"," 1","1","3","1","4","5","3","2","1","1","1","5","5","4","4","3"
"ywvptnru","5","5","5","5","1","4","3","2","5","4","3","2","5","4","5","3"
"mkbhragx","2","1","3","5","5","3","3","2","3","3","1","2","4 ","2","2","3"
"xbchjlyz","5","5","5","5","5","5"," 2","5","4 ","4","5","3","4","5","3","3 "
"faolhzxc","1","1","5","3","2","3","1","1","3","4","3","2","4","5","4","2"
"xglhcqze","2","1","1","1","1","1","1","1","3","2","1"," 2","1","4","1 ","1"
"byqtzpos","2","1","1","1","1","4"," 3","5","2 ","4"," 5","2","3","4","3","3"
"porucvis","1","1","1","1","5","2","","1","2","3","1","1","3 ","1","2","1"
"yqfcdzgh","1","4","3","2 ","1","3","5","3","2","3","1","2","3","2","3 ","3"
"onpfgkde","2","3","5 ","1","1","1","2","2","2","4","1 ","3","4","4 ","4","3"
"mlfcwjye","5","4","2","1","5","3","5","1","2","4","3","3","2","4 ","4","4"
"wbkhmezd","2","2","3","5","2","3","3 ","2","2","4","5","2"," 2","4","4","2"
"ecqutzxs","5","5","5","5","5","5","3","5","5","5"," 5","2 ","4","4","4 ","3"
"mxqbuchp","5 ","5","5","5","5 ","5","5","5","5","5","5","3","5","5","4","3"
"pzkitaev","2","2","5","3","4"," 3","1","2","5","4","3","2","4","4","4","3"
"rlmqzvow","2","2","5","5","3","5","5","5","3","4","5","3","4","4","4","3"
"xyeuisvj","5","5","5","3","4","3","5","5","5","4","5","3","4","4","5","5"
"kvybjode","2","2","4","3","2","3","3","4","5","4"," 5 ","2","3","4","3","3"
"igltuchz"," 1"," 5","5","5"," 4","3","2","2","3","4","2","2","4","1","4","3"
"lgzvqmho","5","5","5","5","5","5","5","5","5","5","5"," 5","5","5","5","5"
"diugawpk","2","5","5","1","5","3","4","3","5","5","5","3","4","4","4","5"
"rufwbdet","1","2","1","1 ","4","4","5","2","2","4","5","1","4","1","1","3"
"weqvxsua","2","1","5","1","1","3","4","5","3","4","1","2","3"," 4 ","4","2"
"gcxlkwra","3","1","2","5","4","1 ","5","5","3","5","5","5","3","5","5","5"
"tmphxdkn","2","2","1","2","3","2","3","5","4","4 ","5"," 2 ","2 ","2","3","3"
"ijxfghmv","2","1","5","3","5","5 ","3","4","5","4","5","2","4","4","4","3"
"mvleoxau","2","2","5","2","2","5","5","5","5","4","1","3","4","4","4","4"
"xdeockru"," 2","1","1","2"," 1","1","1","4","2","3","1","2","2","1","1"," 2"
"rygctflu"," 1","3","5","1","4","5","3","3","3","2","5","2","4","4","4","2"
"peoixgvy","4","5","5","5","3","3","3","5","5","4","5","3","2","4","4","3"
"rzjvthcl","2","1","2","1","1","5","5","1","3"," 4"," 2","2","4","4"," 3","4"
"ozpktibm","2","2","5","5","3","3","1","2","3","5","5","2","4"," 4","1","2"
"tgljvyxh","1","1","1","1","1 ","1","3","1","1","1","1","2","2","1","1","3"
"uekypida","5 ","1","5","3","5","3","3","3","5","4","5","5","5","5","4","4"
"lparfkoh","2","1","5","1","2","5 ","1 ","2 ","2","4","1","3","4","1","4","2"
"ngdxsiuj","2","1","5","1","4","5","3","3","5","4","3","2","2","4","4","3"
"cygkijhn","1","2","5","1","5","3","3","2","3","4","5","5","3","4","1"," 3"
"umcefobq","5","5","5","5","5","5","5","5"," 5","5","5","3","5","5 "," 5 ","5"
"tcoibnrj","5 ","2","5"," 5"," 5","5","5","2","3","4","5","3","2","4","5","3"
"remfiowv","2","2","5","2","4","4","1","2 ","5","4","1","2 ","5","4","4","3"
"poiatlvc","2","2","3","3"," 5","3","5","1","5","4","1","2","2","4","4","2"
"adhntzfg","1","1","5","1","1 ","2","3","1","3","4","5","2","4","1","3","3"
"xhmalegz","5","4","5"," 5","5","3","5","5","3","5","5","5","5","5","4","4"
"ulsjogna","2","3","5","5","4","5","3","5","3","5","5","3","4","5","5","3"
"drsujmle","3","5","5","5","5","2","5","4","5","4","5"," 2","3","4","4"," 3"
"bgstxmiy","2","2","1","2"," 1","3","1","1","3","3","2","2","2","4","4","3"
"quptkfir","1","5","5","2","5 ","4","4","5","4","4","5","3","5","4","5","4"
"zebmashc","2","5","5","5","5","4","3"," 2","5","4","5","3","2","5","4","2"
"valwrxmp","2","2","5","1","5","3","3","1","2"," 4","5","2","2","1","4","3"
"ajrmwvfl","1","4","2","1","2","3","1","2","3","4","1","2"," 2 ","4","1","1"
"kiopzldu","1"," 2","1","1","1 ","3","3","1"," 3"," 4","1","2","4","4","2","2"
"rgavioyd","2","4","1","1","1","3","1 "," 2 ","3","3","3","2","2","5","1","4"
"fmvnzawo","3","5","5","5","5","4","5","3","5","4","5","3","4","4","4 ","3"
"yptkvsfj","5","2","5","3","5","5","3","3","2","4","5","2","3","5","5","2"
"zunftqgi"," 2","1","1","1","4","1","3","2","2"," 1","1 ","1","2","1","3","2"
"crwamhjp","5","4","5","1","4","3","3","1","5","4 "," 5","3","4","4","1","3"
"bcfwgqkh","4","4","5","2","4","3","3","3","5","4","5","5","3","4","4","5"
"mokfvgie","1","1","1","1 ","1","2","1","1 ","3","-","5","2","2","2","4","1"
"tnusgclw","2","2","1","1","4","3","3","2","5","4","5","2","3","4","4","1"
"pxbmvtnc","2","2","5","5 ","3"," 3","1","2","3","4"," 5"," 2","4","5","5","3"
"nbzplvmx","1","4","1 ","1","1","3","3","1","4","4"," 5","2","1","4","2","1 "
"ryaituln","-"," 1","1","1","1","1","2","1","1","3","1","1","3","4","3","1"
"omjsdxnh","2"," 4","5","4","5","4","3","5","3","4","5","2","4","4","4","3"
"loyfbqrn","2","2","3","3","4"," 5","1","4"," 5","4","5","2"," 4","4 ","4","2"
"aocpmsjt","1","1","","1","1","1","1","1","2","3","1","1","2","1","1","1"
"cpbilqza","1","1","1"," 1","1","3","5","1","1","4 ","1"," 2","2","2","4","2"
"psbjrlxy","1","4","5","3","4","3","2","2","2","5","5","2"," 2","4","4","3"
"goknyard","5","5","5","1","4"," 3","5","2","3","4","5","2","4","4","3","3"
"gnydxqbi","2","4","5","3","5 ","5","3","2","5 ","4 ","5","2","4","4","4","4"
"eglzbujs","2","1","2 ","3","1","3","2","2","4","3","1","2","4 ","4","3","2"
"iahlpkdo","5","2","5","5 ","1","4","5","2","5"," 5","4","2","4","4 ","4","2"
"gzdyxeob","1","1","5","5","2","3","1"," 2","4","4","1","2","2","4","4","3"
"vneagpfw","2 ","1","5","1","5","1","3","1","2","2","1","2","3"," 4 ","3","3"
"ivqmgaeh","2","1","5","1","1","3","3","2","3","4","1","2","4","2","3","3"
"bdwyklqf","5","2 ","4","3","4","3","4","4","3","4","5","2","3","4","5","5"
"wmrlabkv","","","","","","","","","","","","","","","",""
"zwriucha","1","1","2","1","1","3","1","2","3","1","1","2","1","2","1","1"
"hepbgznd","1","1","5","5","3","3 ","3","2","4","3","1"," 2","2","1","3","3"
"xigfncok","5","1","3","4","1","4","3","3","3","4","5","2","4","4 ","4","4"
"uapqrbis","5","2","5","1","3","5","5","3","5","4","5","5","4","4","4","4"
"wfzxilst","3","3","5","1","1","3","1","5","2","4","5","3 ","1","4","4","3"
"nemdzcgb","2","5","5","1 ","1","3","5","1","2","5","5","3","4","4","4","2"
"mnyrelzd"," 1","3","1","1","2","2","1","2 ","2 ","4","1","2","4","1","4"," 2"
"niulmray","1","5"," 2","1","1","5"," 1 ","3","5 "," 4","1","2","3","-","4","3"
"kdygczao","1","3","5","1","5","4","1","2","3","4 ","4","2","4","4","1","4 "
"ldyohxvz","5","3","5","3","3","5","3","5","5 "," 5","5","2","4","4","5","2"
"dqlrebvc","1","2","1","1","1","3","1","1","2","1","1"," 2","3","1","3","1"
"rghmxweu","5","5","5","4","5","3","3","5","5","4","3","2","4","4","4","3"
"ujkfqmch","2","1","2","1","1","1","1"," 1","3","1","3","1","1","1","2","1"
"ihqaszdr","1 ","1","5","1","1"," 3 ","2","1","3","4","3 ","2","2","2","1","3"
"lofujnxm","3","2","5","1","4","3","3","2","5","4","5","2","4","3","4 ","2"
"salzegvr","1","3","5","5","5","3","3","2","3","4","5","2","2","2","1 ","1"
"wboixgqh","5","4","5","2","1","3","5","5","3","4","5","3","4","4","4","3"
"xsrufypg","1","1"," 3","1","1","5","1","1","5","4","1","2","2","1","3","2"
"jxahksnw","1","1","2","1","1","2","1","1 "," 5","4","1"," 2","2","3 ","","2"
"rjyswbgq","2","1","5","1","1","2","1","1","2 "," 1","1","1 ","2","2","3","1"
"ubcmlyzf","3","2","5 ","2","5","5","5","5","5","5","3 ","5 ","5","5","4","5"
"bpqzhlgf","2","4","5","1","4","3","3","5","2","3","5","2","4","4","3","3"
"naokhzvg","1 ","1","1","1","1"," 2 ","1","2","2","4","1","2","3","1","3"," 1"
"qwgiylhm","1","1","3","1","4"," 3","1","3","3","1","5","2","2","4","2","3"
"tnprxoig","5","5"," 5 ","5","4"," 5","3 ","2","5","4","5","5","4","4"," 4","5"
"xahktjsg","2","4","5","5","5","5","5","5","5","4","3","2"," 5 ","4","4","3"
"hvijplky","4","4","5","5","5","4","5","5","5","5","5","3","4","4","4","5 "
"nhxzufjt","5","4","5","3","2","2","3 ","2","3","4 ","3","2"," 4","2","5","3"
"twxojzny","2","2","5 ","5","5","3"," 3","2","5"," 4","3","2","5","4","4"," 3"
"cajwrgmi"," 5","1 ","5","1","3","3 ","3","2","5","4","3","2","4","5","4","3"
"ixtaqzcd"," 2","4","5","3","5"," 4","3","5","5","4","5","5"," 4","4","4","2"
"gshawcyd","2","3","5"," 3","1","4","5 ","2","3 ","4","5","3","4","4","3","2"
"locgbknr","1","1","1","1","1","1","1","1","1","1","1","2","1 ","1","1","2"
"lcsrehoi","3","3","5","5","5","5","5 ","5","3","5","1","3 ","4","4 ","4 ","5"
"ywxsfbhr","5","5","5 ","5 ","4","5","5","5","4"," 5","5","2","2","4","3","3"
"ovcgbziu"," 2","1","5","2","3 ","2","1","1","3","4","5","2","4"," 2","4","2"
"qxyldtip","1","2","1","1","4","3","1","1","5","4","1","1","1","4","3","2"
"aszncybk","5","3","5","3","4","5","5","2","5","4","5 ","2","4","5","4","3"
"btnlqewk","1","1","5","1 ","1","5","1","1","2","4","1","1","3","4","1","2"
